drug_id,compound_name_source,dili_category,identity_status,resolution_method,pubchem_query,pubchem_cid,pubchem_title,source_formula,source_molecular_weight,pubchem_candidate_count,identity_adjudication,original_smiles,standardised_isomeric_smiles,parent_inchikey,curated_formula,curated_molecular_weight,curated_heavy_atoms,curated_amide_bonds,curation_flags,eligibility,exclusion_code,review_status
LT00004,Acetaminophen,vMost-DILI-concern,resolved,exact-name,Acetaminophen,1983.0,Acetaminophen,C8H9NO2,151.16,1.0,exact-title-among-candidates,CC(=O)NC1=CC=C(C=C1)O,CC(=O)Nc1ccc(O)cc1,RZVAJINKPMORJF-UHFFFAOYSA-N,C8H9NO2,151.165,11.0,1.0,,True,,rules-applied-pending-independent-review
LT00011,Clofibrate,vLess-DILI-concern,resolved,exact-name,Clofibrate,2796.0,Clofibrate,C12H15ClO3,242.7,1.0,exact-title-among-candidates,CCOC(=O)C(C)(C)OC1=CC=C(C=C1)Cl,CCOC(=O)C(C)(C)Oc1ccc(Cl)cc1,KNHUKKLJHYUCFP-UHFFFAOYSA-N,C12H15ClO3,242.702,16.0,0.0,,True,,rules-applied-pending-independent-review
LT00013,Cyclophosphamide,vLess-DILI-concern,resolved,exact-name,Cyclophosphamide,2907.0,Cyclophosphamide,C7H15Cl2N2O2P,261.08,1.0,exact-title-among-candidates,C1CNP(=O)(OC1)N(CCCl)CCCl,O=P1(N(CCCl)CCCl)NCCCO1,CMSMOCZEIVJLDB-UHFFFAOYSA-N,C7H15Cl2N2O2P,261.08899999999994,14.0,0.0,,True,,rules-applied-pending-independent-review
LT00053,Aspirin,vLess-DILI-concern,resolved,exact-name,Aspirin,2244.0,Aspirin,C9H8O4,180.16,1.0,exact-title-among-candidates,CC(=O)OC1=CC=CC=C1C(=O)O,CC(=O)Oc1ccccc1C(=O)O,BSYNRYMUTXBXSQ-UHFFFAOYSA-N,C9H8O4,180.159,13.0,0.0,,True,,rules-applied-pending-independent-review
LT00111,Ketoconazole,vMost-DILI-concern,resolved,exact-name,Ketoconazole,47576.0,Ketoconazole,C26H28Cl2N4O4,531.4,1.0,exact-title-among-candidates,CC(=O)N1CCN(CC1)C2=CC=C(C=C2)OC[C@@H]3CO[C@@](O3)(CN4C=CN=C4)C5=C(C=C(C=C5)Cl)Cl,CC(=O)N1CCN(c2ccc(OC[C@@H]3CO[C@@](Cn4ccnc4)(c4ccc(Cl)cc4Cl)O3)cc2)CC1,XMAYWYJOQHXEEK-ZEQKJWHPSA-N,C26H28Cl2N4O4,531.4400000000003,36.0,1.0,,True,,rules-applied-pending-independent-review
LT00121,Methyldopa,vMost-DILI-concern,resolved,exact-name,Methyldopa,38853.0,Methyldopa,C10H13NO4,211.21,1.0,exact-title-among-candidates,C[C@](CC1=CC(=C(C=C1)O)O)(C(=O)O)N,C[C@](N)(Cc1ccc(O)c(O)c1)C(=O)O,CJCSPKMFHVPWAR-JTQLQIEISA-N,C10H13NO4,211.217,15.0,0.0,,True,,rules-applied-pending-independent-review
LT00143,Spironolactone,vLess-DILI-concern,resolved,exact-name,Spironolactone,5833.0,Spironolactone,C24H32O4S,416.6,1.0,exact-title-among-candidates,CC(=O)S[C@@H]1CC2=CC(=O)CC[C@@]2([C@@H]3[C@@H]1[C@@H]4CC[C@]5([C@]4(CC3)C)CCC(=O)O5)C,CC(=O)S[C@@H]1CC2=CC(=O)CC[C@]2(C)[C@H]2CC[C@@]3(C)[C@@H](CC[C@@]34CCC(=O)O4)[C@H]12,LXMSZDCAJNLERA-ZHYRCANASA-N,C24H32O4S,416.5830000000003,29.0,0.0,,True,,rules-applied-pending-independent-review
LT00168,Troglitazone,vMost-DILI-concern,resolved,exact-name,Troglitazone,5591.0,Troglitazone,C24H27NO5S,441.5,1.0,exact-title-among-candidates,CC1=C(C2=C(CCC(O2)(C)COC3=CC=C(C=C3)CC4C(=O)NC(=O)S4)C(=C1O)C)C,Cc1c(C)c2c(c(C)c1O)CCC(C)(COc1ccc(CC3SC(=O)NC3=O)cc1)O2,GXPHKUHSUJUWKP-UHFFFAOYSA-N,C24H27NO5S,441.54900000000015,31.0,2.0,,True,,rules-applied-pending-independent-review
LT00174,Venlafaxine hydrochloride,vLess-DILI-concern,resolved,exact-name,Venlafaxine hydrochloride,62923.0,Venlafaxine Hydrochloride,C17H28ClNO2,313.9,1.0,exact-title-among-candidates,CN(C)CC(C1=CC=C(C=C1)OC)C2(CCCCC2)O.Cl,COc1ccc(C(CN(C)C)C2(O)CCCCC2)cc1,PNVNVHUZROJLTJ-UHFFFAOYSA-N,C17H27NO2,277.408,20.0,0.0,SALT_OR_MULTICOMPONENT_SOURCE,True,,rules-applied-pending-independent-review
LT00178,Ciprofloxacin hydrochloride,vMost-DILI-concern,resolved,exact-name,Ciprofloxacin hydrochloride,62998.0,Ciprofloxacin hydrochloride monohydrate,C17H21ClFN3O4,385.8,1.0,unique-pubchem-name-result,C1CC1N2C=C(C(=O)C3=CC(=C(C=C32)N4CCNCC4)F)C(=O)O.O.Cl,O=C(O)c1cn(C2CC2)c2cc(N3CCNCC3)c(F)cc2c1=O,MYSWGUAQZAJSOK-UHFFFAOYSA-N,C17H18FN3O3,331.34700000000004,24.0,0.0,SALT_OR_MULTICOMPONENT_SOURCE,True,,rules-applied-pending-independent-review
LT00199,Ibuprofen,vLess-DILI-concern,resolved,exact-name,Ibuprofen,3672.0,"Ibuprofen, (+-)-",C13H18O2,206.28,1.0,unique-pubchem-name-result,CC(C)CC1=CC=C(C=C1)C(C)C(=O)O,CC(C)Cc1ccc(C(C)C(=O)O)cc1,HEFNNWSXXWATRW-UHFFFAOYSA-N,C13H18O2,206.285,15.0,0.0,,True,,rules-applied-pending-independent-review
LT00200,Isoproterenol hydrochloride,vNo-DILI-concern,resolved,exact-name,Isoproterenol hydrochloride,5807.0,(+-)-Isoproterenol hydrochloride,C11H18ClNO3,247.72,1.0,unique-pubchem-name-result,CC(C)NCC(C1=CC(=C(C=C1)O)O)O.Cl,CC(C)NCC(O)c1ccc(O)c(O)c1,JWZZKOKVBUJMES-UHFFFAOYSA-N,C11H17NO3,211.261,15.0,0.0,SALT_OR_MULTICOMPONENT_SOURCE,True,,rules-applied-pending-independent-review
LT00265,Azithromycin,vLess-DILI-concern,resolved,exact-name,Azithromycin,447043.0,Azithromycin,C38H72N2O12,749.0,1.0,exact-title-among-candidates,CC[C@@H]1[C@@]([C@@H]([C@H](N(C[C@@H](C[C@@]([C@@H]([C@H]([C@@H]([C@H](C(=O)O1)C)O[C@H]2C[C@@]([C@H]([C@@H](O2)C)O)(C)OC)C)O[C@H]3[C@@H]([C@H](C[C@H](O3)C)N(C)C)O)(C)O)C)C)C)O)(C)O,CC[C@H]1OC(=O)[C@H](C)[C@@H](O[C@H]2C[C@@](C)(OC)[C@@H](O)[C@H](C)O2)[C@H](C)[C@@H](O[C@@H]2O[C@H](C)C[C@H](N(C)C)[C@H]2O)[C@](C)(O)C[C@@H](C)CN(C)[C@H](C)[C@@H](O)[C@]1(C)O,MQTOSJVFKKJCRP-BICOPXKESA-N,C38H72N2O12,748.9960000000002,52.0,0.0,,True,,rules-applied-pending-independent-review
LT00277,Atenolol,vLess-DILI-concern,resolved,exact-name,Atenolol,2249.0,Atenolol,C14H22N2O3,266.34,1.0,exact-title-among-candidates,CC(C)NCC(COC1=CC=C(C=C1)CC(=O)N)O,CC(C)NCC(O)COc1ccc(CC(N)=O)cc1,METKIMKYRPQLGS-UHFFFAOYSA-N,C14H22N2O3,266.34099999999995,19.0,1.0,,True,,rules-applied-pending-independent-review
LT00287,Clozapine,vMost-DILI-concern,resolved,exact-name,Clozapine,135398737.0,Clozapine,C18H19ClN4,326.8,1.0,exact-title-among-candidates,CN1CCN(CC1)C2=NC3=C(C=CC(=C3)Cl)NC4=CC=CC=C42,CN1CCN(C2=Nc3cc(Cl)ccc3Nc3ccccc32)CC1,QZUDBNBUXVUHMW-UHFFFAOYSA-N,C18H19ClN4,326.8310000000001,23.0,0.0,,True,,rules-applied-pending-independent-review
LT00335,Doxorubicin hydrochloride,vLess-DILI-concern,resolved,exact-name,Doxorubicin hydrochloride,443939.0,Doxorubicin Hydrochloride,C27H30ClNO11,580.0,1.0,exact-title-among-candidates,C[C@H]1[C@H]([C@H](C[C@@H](O1)O[C@H]2C[C@@](CC3=C2C(=C4C(=C3O)C(=O)C5=C(C4=O)C(=CC=C5)OC)O)(C(=O)CO)O)N)O.Cl,COc1cccc2c1C(=O)c1c(O)c3c(c(O)c1C2=O)C[C@@](O)(C(=O)CO)C[C@@H]3O[C@H]1C[C@H](N)[C@H](O)[C@H](C)O1,AOJJSUZBOXZQNB-TZSSRYMLSA-N,C27H29NO11,543.5250000000003,39.0,0.0,SALT_OR_MULTICOMPONENT_SOURCE,True,,rules-applied-pending-independent-review
LT00399,Fludrocortisone acetate,vNo-DILI-concern,resolved,exact-name,Fludrocortisone acetate,225609.0,Fludrocortisone Acetate,C23H31FO6,422.5,1.0,exact-title-among-candidates,CC(=O)OCC(=O)[C@]1(CC[C@@H]2[C@@]1(C[C@@H]([C@]3([C@H]2CCC4=CC(=O)CC[C@@]43C)F)O)C)O,CC(=O)OCC(=O)[C@@]1(O)CC[C@H]2[C@@H]3CCC4=CC(=O)CC[C@]4(C)[C@@]3(F)[C@@H](O)C[C@@]21C,SYWHXTATXSMDSB-GSLJADNHSA-N,C23H31FO6,422.49300000000017,30.0,0.0,,True,,rules-applied-pending-independent-review
LT00402,Gefitinib,vMost-DILI-concern,resolved,exact-name,Gefitinib,123631.0,Gefitinib,C22H24ClFN4O3,446.9,1.0,exact-title-among-candidates,COC1=C(C=C2C(=C1)N=CN=C2NC3=CC(=C(C=C3)F)Cl)OCCCN4CCOCC4,COc1cc2ncnc(Nc3ccc(F)c(Cl)c3)c2cc1OCCCN1CCOCC1,XGALLCVXEZPNRQ-UHFFFAOYSA-N,C22H24ClFN4O3,446.9100000000004,31.0,0.0,,True,,rules-applied-pending-independent-review
LT00416,Minocycline hydrochloride,vMost-DILI-concern,resolved,exact-name,Minocycline hydrochloride,54685925.0,Minocycline hydrochloride,C23H28ClN3O7,493.9,1.0,exact-title-among-candidates,CN(C)[C@H]1[C@@H]2C[C@@H]3CC4=C(C=CC(=C4C(=C3C(=O)[C@@]2(C(=C(C1=O)C(=O)N)O)O)O)O)N(C)C.Cl,CN(C)c1ccc(O)c2c1C[C@H]1C[C@H]3[C@H](N(C)C)C(=O)C(C(N)=O)=C(O)[C@@]3(O)C(=O)C1=C2O,FFTVPQUHLQBXQZ-KVUCHLLUSA-N,C23H27N3O7,457.4830000000002,33.0,1.0,SALT_OR_MULTICOMPONENT_SOURCE,True,,rules-applied-pending-independent-review
LT00430,Paclitaxel,vLess-DILI-concern,resolved,exact-name,Paclitaxel,36314.0,Paclitaxel,C47H51NO14,853.9,1.0,exact-title-among-candidates,CC1=C2[C@H](C(=O)[C@@]3([C@H](C[C@@H]4[C@]([C@H]3[C@@H]([C@@](C2(C)C)(C[C@@H]1OC(=O)[C@@H]([C@H](C5=CC=CC=C5)NC(=O)C6=CC=CC=C6)O)O)OC(=O)C7=CC=CC=C7)(CO4)OC(=O)C)O)C)OC(=O)C,CC(=O)O[C@H]1C(=O)[C@@]2(C)[C@H]([C@H](OC(=O)c3ccccc3)[C@]3(O)C[C@H](OC(=O)[C@H](O)[C@@H](NC(=O)c4ccccc4)c4ccccc4)C(C)=C1C3(C)C)[C@]1(OC(C)=O)CO[C@@H]1C[C@@H]2O,RCINICONZNJXQF-MZXODVADSA-N,C47H51NO14,853.9180000000003,62.0,1.0,,True,,rules-applied-pending-independent-review
LT00511,Atropine,vNo-DILI-concern,resolved,exact-name,Atropine,174174.0,Npc209773,C17H23NO3,289.4,1.0,unique-pubchem-name-result,CN1[C@@H]2CC[C@H]1CC(C2)OC(=O)C(CO)C3=CC=CC=C3,CN1[C@@H]2CC[C@H]1CC(OC(=O)C(CO)c1ccccc1)C2,RKUNBYITZUJHSG-PJPHBNEVSA-N,C17H23NO3,289.375,21.0,0.0,,True,,rules-applied-pending-independent-review
LT00565,Sunitinib malate,vMost-DILI-concern,resolved,exact-name,Sunitinib malate,6456015.0,Sunitinib Malate,C26H33FN4O7,532.6,1.0,exact-title-among-candidates,CCN(CC)CCNC(=O)C1=C(NC(=C1C)/C=C\2/C3=C(C=CC(=C3)F)NC2=O)C.C([C@@H](C(=O)O)O)C(=O)O,CCN(CC)CCNC(=O)c1c(C)[nH]c(/C=C2\C(=O)Nc3ccc(F)cc32)c1C,WINHZLLDWRZWRT-ATVHPVEESA-N,C22H27FN4O2,398.48200000000014,29.0,2.0,SALT_OR_MULTICOMPONENT_SOURCE,True,,rules-applied-pending-independent-review
LT00600,Levocetirizine dihydrochloride,vLess-DILI-concern,resolved,exact-name,Levocetirizine dihydrochloride,9955977.0,Levocetirizine Dihydrochloride,C21H27Cl3N2O3,461.8,1.0,exact-title-among-candidates,C1CN(CCN1CCOCC(=O)O)[C@H](C2=CC=CC=C2)C3=CC=C(C=C3)Cl.Cl.Cl,O=C(O)COCCN1CCN([C@H](c2ccccc2)c2ccc(Cl)cc2)CC1,ZKLPARSLTMPFCP-OAQYLSRUSA-N,C21H25ClN2O3,388.8950000000001,27.0,0.0,SALT_OR_MULTICOMPONENT_SOURCE,True,,rules-applied-pending-independent-review
LT00606,Pantoprazole sodium,vLess-DILI-concern,resolved,exact-name,Pantoprazole sodium,15008962.0,Pantoprazole Sodium,C16H14F2N3NaO4S,405.4,1.0,exact-title-among-candidates,COC1=C(C(=NC=C1)CS(=O)C2=NC3=C([N-]2)C=CC(=C3)OC(F)F)OC.[Na+],COc1ccnc(C[S+]([O-])c2nc3cc(OC(F)F)ccc3[nH]2)c1OC,IQPSEEYGBUAQFF-UHFFFAOYSA-N,C16H15F2N3O4S,383.3760000000001,26.0,0.0,SALT_OR_MULTICOMPONENT_SOURCE,True,,rules-applied-pending-independent-review
LT00607,Nilotinib hydrochloride,vMost-DILI-concern,resolved,exact-name,Nilotinib hydrochloride,16006490.0,Nilotinib Hydrochloride Anhydrous,C28H23ClF3N7O,566.0,1.0,unique-pubchem-name-result,CC1=C(C=C(C=C1)C(=O)NC2=CC(=CC(=C2)C(F)(F)F)N3C=C(N=C3)C)NC4=NC=CC(=N4)C5=CN=CC=C5.Cl,Cc1cn(-c2cc(NC(=O)c3ccc(C)c(Nc4nccc(-c5cccnc5)n4)c3)cc(C(F)(F)F)c2)cn1,HHZIURLSWUIHRB-UHFFFAOYSA-N,C28H22F3N7O,529.5260000000002,39.0,1.0,SALT_OR_MULTICOMPONENT_SOURCE,True,,rules-applied-pending-independent-review
LT00637,Tinidazole,vLess-DILI-concern,resolved,exact-name,Tinidazole,5479.0,Tinidazole,C8H13N3O4S,247.27,1.0,exact-title-among-candidates,CCS(=O)(=O)CCN1C(=NC=C1[N+](=O)[O-])C,CCS(=O)(=O)CCn1c([N+](=O)[O-])cnc1C,HJLSLZFTEKNLFI-UHFFFAOYSA-N,C8H13N3O4S,247.276,16.0,0.0,,True,,rules-applied-pending-independent-review
LT00664,Tapentadol hydrochloride,vNo-DILI-concern,resolved,exact-name,Tapentadol hydrochloride,9838021.0,Tapentadol Hydrochloride,C14H24ClNO,257.8,1.0,exact-title-among-candidates,CC[C@@H](C1=CC(=CC=C1)O)[C@@H](C)CN(C)C.Cl,CC[C@@H](c1cccc(O)c1)[C@@H](C)CN(C)C,KWTWDQCKEHXFFR-SMDDNHRTSA-N,C14H23NO,221.344,16.0,0.0,SALT_OR_MULTICOMPONENT_SOURCE,True,,rules-applied-pending-independent-review
LT00667,Saxagliptin hydrochloride,vLess-DILI-concern,resolved,exact-name,Saxagliptin hydrochloride,49800073.0,Saxagliptin Hydrochloride,C18H26ClN3O2,351.9,1.0,exact-title-among-candidates,C1[C@@H]2C[C@@H]2N([C@@H]1C#N)C(=O)[C@H](C34CC5CC(C3)CC(C5)(C4)O)N.Cl,N#C[C@@H]1C[C@@H]2C[C@@H]2N1C(=O)[C@@H](N)C12CC3CC(CC(O)(C3)C1)C2,QGJUIPDUBHWZPV-SGTAVMJGSA-N,C18H25N3O2,315.41700000000003,23.0,1.0,SALT_OR_MULTICOMPONENT_SOURCE,True,,rules-applied-pending-independent-review
LT00682,Dexchlorpheniramine maleate,vNo-DILI-concern,resolved,exact-name,Dexchlorpheniramine maleate,5281070.0,Dexchlorpheniramine Maleate,C20H23ClN2O4,390.9,1.0,exact-title-among-candidates,CN(C)CC[C@@H](C1=CC=C(C=C1)Cl)C2=CC=CC=N2.C(=C\C(=O)O)\C(=O)O,CN(C)CC[C@@H](c1ccc(Cl)cc1)c1ccccn1,SOYKEARSMXGVTM-HNNXBMFYSA-N,C16H19ClN2,274.795,19.0,0.0,SALT_OR_MULTICOMPONENT_SOURCE,True,,rules-applied-pending-independent-review
LT00702,Pafuramidine,vMost-DILI-concern,resolved,exact-name,Pafuramidine,5480200.0,Pafuramidine,C20H20N4O3,364.4,1.0,exact-title-among-candidates,CO/N=C(\N)/C1=CC=C(C=C1)C2=CC=C(O2)C3=CC=C(C=C3)/C(=N/OC)/N,CO/N=C(\N)c1ccc(-c2ccc(-c3ccc(/C(N)=N/OC)cc3)o2)cc1,UKOQVLAXCBRRGH-UHFFFAOYSA-N,C20H20N4O3,364.40500000000014,27.0,0.0,,True,,rules-applied-pending-independent-review
LT00737,Dicyclomine hydrochloride,vNo-DILI-concern,resolved,exact-name,Dicyclomine hydrochloride,441344.0,Dicyclomine Hydrochloride,C19H36ClNO2,345.9,1.0,exact-title-among-candidates,CCN(CC)CCOC(=O)C1(CCCCC1)C2CCCCC2.Cl,CCN(CC)CCOC(=O)C1(C2CCCCC2)CCCCC1,CURUTKGFNZGFSE-UHFFFAOYSA-N,C19H35NO2,309.4940000000001,22.0,0.0,SALT_OR_MULTICOMPONENT_SOURCE,True,,rules-applied-pending-independent-review
LT00774,Diatrizoate sodium,vNo-DILI-concern,resolved,exact-name,Diatrizoate sodium,23672589.0,Sodium Amidotrizoate,C11H8I3N2NaO4,635.89,1.0,unique-pubchem-name-result,CC(=O)NC1=C(C(=C(C(=C1I)C(=O)[O-])I)NC(=O)C)I.[Na+],CC(=O)Nc1c(I)c(NC(C)=O)c(I)c(C(=O)O)c1I,YVPYQUNUQOZFHG-UHFFFAOYSA-N,C11H9I3N2O4,613.9150000000001,20.0,2.0,SALT_OR_MULTICOMPONENT_SOURCE,True,,rules-applied-pending-independent-review
LT00790,Mepenzolate bromide,vNo-DILI-concern,resolved,exact-name,Mepenzolate bromide,6461.0,Mepenzolate Bromide,C21H26BrNO3,420.3,1.0,exact-title-among-candidates,C[N+]1(CCCC(C1)OC(=O)C(C2=CC=CC=C2)(C3=CC=CC=C3)O)C.[Br-],C[N+]1(C)CCCC(OC(=O)C(O)(c2ccccc2)c2ccccc2)C1,GKNPSSNBBWDAGH-UHFFFAOYSA-N,C21H26NO3+,340.44300000000004,25.0,0.0,SALT_OR_MULTICOMPONENT_SOURCE,True,,rules-applied-pending-independent-review
LT00800,Benzonatate,vLess-DILI-concern,resolved,exact-name,Benzonatate,7699.0,Benzonatate,C30H53NO11,603.7,1.0,exact-title-among-candidates,CCCCNC1=CC=C(C=C1)C(=O)OCCOCCOCCOCCOCCOCCOCCOCCOCCOC,CCCCNc1ccc(C(=O)OCCOCCOCCOCCOCCOCCOCCOCCOCCOC)cc1,MAFMQEKGGFWBAB-UHFFFAOYSA-N,C30H53NO11,603.7500000000003,42.0,0.0,,True,,rules-applied-pending-independent-review
LT00810,Dexbrompheniramine maleate,vNo-DILI-concern,resolved,exact-name,Dexbrompheniramine maleate,6433334.0,(+)-Brompheniramine Maleate,C20H23BrN2O4,435.3,1.0,unique-pubchem-name-result,CN(C)CC[C@@H](C1=CC=C(C=C1)Br)C2=CC=CC=N2.C(=C\C(=O)O)\C(=O)O,CN(C)CC[C@@H](c1ccc(Br)cc1)c1ccccn1,ZDIGNSYAACHWNL-HNNXBMFYSA-N,C16H19BrN2,319.246,19.0,0.0,SALT_OR_MULTICOMPONENT_SOURCE,True,,rules-applied-pending-independent-review
LT00836,Glycopyrrolate,vNo-DILI-concern,resolved,exact-name,Glycopyrrolate,11693.0,Glycopyrrolate,C19H28BrNO3,398.3,1.0,exact-title-among-candidates,C[N+]1(CCC(C1)OC(=O)C(C2CCCC2)(C3=CC=CC=C3)O)C.[Br-],C[N+]1(C)CCC(OC(=O)C(O)(c2ccccc2)C2CCCC2)C1,ANGKOCUUWGHLCE-UHFFFAOYSA-N,C19H28NO3+,318.43699999999995,23.0,0.0,SALT_OR_MULTICOMPONENT_SOURCE,True,,rules-applied-pending-independent-review
LT00867,Pancuronium bromide,vNo-DILI-concern,resolved,exact-name,Pancuronium bromide,27350.0,Pancuronium Bromide,C35H60Br2N2O4,732.7,1.0,exact-title-among-candidates,CC(=O)O[C@H]1C[C@@H]2CC[C@@H]3[C@@H]([C@]2(C[C@@H]1[N+]4(CCCCC4)C)C)CC[C@]5([C@H]3C[C@@H]([C@@H]5OC(=O)C)[N+]6(CCCCC6)C)C.[Br-].[Br-],CC(=O)O[C@H]1C[C@@H]2CC[C@@H]3[C@H](CC[C@@]4(C)[C@H]3C[C@H]([N+]3(C)CCCCC3)[C@@H]4OC(C)=O)[C@@]2(C)C[C@@H]1[N+]1(C)CCCCC1,GVEAYVLWDAFXET-XGHATYIMSA-N,C35H60N2O4+2,572.8750000000002,41.0,0.0,SALT_OR_MULTICOMPONENT_SOURCE,True,,rules-applied-pending-independent-review
LT00898,Carboprost tromethamine,vNo-DILI-concern,resolved,exact-name,Carboprost tromethamine,5281074.0,Carboprost Tromethamine,C25H47NO8,489.6,1.0,exact-title-among-candidates,CCCCC[C@@](C)(/C=C/[C@H]1[C@@H](C[C@@H]([C@@H]1C/C=C\CCCC(=O)O)O)O)O.C(C(CO)(CO)N)O,CCCCC[C@](C)(O)/C=C/[C@@H]1[C@@H](C/C=C\CCCC(=O)O)[C@@H](O)C[C@H]1O,DLJKPYFALUEJCK-IIELGFQLSA-N,C21H36O5,368.5140000000001,26.0,0.0,SALT_OR_MULTICOMPONENT_SOURCE,True,,rules-applied-pending-independent-review
LT00899,Calcitriol,vNo-DILI-concern,resolved,exact-name,Calcitriol,5280453.0,Calcitriol,C27H44O3,416.6,1.0,exact-title-among-candidates,C[C@H](CCCC(C)(C)O)[C@H]1CC[C@@H]\2[C@@]1(CCC/C2=C\C=C/3\C[C@H](C[C@@H](C3=C)O)O)C,C=C1/C(=C\C=C2/CCC[C@]3(C)[C@@H]([C@H](C)CCCC(C)(C)O)CC[C@@H]23)C[C@@H](O)C[C@@H]1O,GMRQFYUYWCNGIN-NKMMMXOESA-N,C27H44O3,416.6460000000002,30.0,0.0,,True,,rules-applied-pending-independent-review
LT00987,Remifentanil hydrochloride,vLess-DILI-concern,resolved,exact-name,Remifentanil hydrochloride,60814.0,Remifentanil Hydrochloride,C20H29ClN2O5,412.9,1.0,exact-title-among-candidates,CCC(=O)N(C1=CC=CC=C1)C2(CCN(CC2)CCC(=O)OC)C(=O)OC.Cl,CCC(=O)N(c1ccccc1)C1(C(=O)OC)CCN(CCC(=O)OC)CC1,ZTVQQQVZCWLTDF-UHFFFAOYSA-N,C20H28N2O5,376.45300000000015,27.0,1.0,SALT_OR_MULTICOMPONENT_SOURCE,True,,rules-applied-pending-independent-review
LT00988,Sibutramine hydrochloride,vLess-DILI-concern,resolved,exact-name,Sibutramine hydrochloride,64764.0,Sibutramine Hydrochloride,C17H27Cl2N,316.3,1.0,exact-title-among-candidates,CC(C)CC(C1(CCC1)C2=CC=C(C=C2)Cl)N(C)C.Cl,CC(C)CC(N(C)C)C1(c2ccc(Cl)cc2)CCC1,UNAANXDKBXWMLN-UHFFFAOYSA-N,C17H26ClN,279.8550000000001,19.0,0.0,SALT_OR_MULTICOMPONENT_SOURCE,True,,rules-applied-pending-independent-review
LT01071,Aminocaproic acid,vNo-DILI-concern,resolved,exact-name,Aminocaproic acid,564.0,6-Aminohexanoic Acid,C6H13NO2,131.17,1.0,unique-pubchem-name-result,C(CCC(=O)O)CCN,NCCCCCC(=O)O,SLXKOJJOQWFEFD-UHFFFAOYSA-N,C6H13NO2,131.17499999999998,9.0,0.0,,True,,rules-applied-pending-independent-review
LT01077,Linezolid,vLess-DILI-concern,resolved,exact-name,Linezolid,441401.0,Linezolid,C16H20FN3O4,337.35,1.0,exact-title-among-candidates,CC(=O)NC[C@H]1CN(C(=O)O1)C2=CC(=C(C=C2)N3CCOCC3)F,CC(=O)NC[C@H]1CN(c2ccc(N3CCOCC3)c(F)c2)C(=O)O1,TYZROVQLWOKYKF-ZDUSSCGKSA-N,C16H20FN3O4,337.35100000000017,24.0,2.0,,True,,rules-applied-pending-independent-review
LT01113,Baclofen,vLess-DILI-concern,resolved,exact-name,Baclofen,2284.0,Baclofen,C10H12ClNO2,213.66,1.0,exact-title-among-candidates,C1=CC(=CC=C1C(CC(=O)O)CN)Cl,NCC(CC(=O)O)c1ccc(Cl)cc1,KPYSYYIEGFHWSV-UHFFFAOYSA-N,C10H12ClNO2,213.664,14.0,0.0,,True,,rules-applied-pending-independent-review
LT01129,Tadalafil,vLess-DILI-concern,resolved,exact-name,Tadalafil,110635.0,Tadalafil,C22H19N3O4,389.4,1.0,exact-title-among-candidates,CN1CC(=O)N2[C@@H](C1=O)CC3=C([C@H]2C4=CC5=C(C=C4)OCO5)NC6=CC=CC=C36,CN1CC(=O)N2[C@H](c3ccc4c(c3)OCO4)c3[nH]c4ccccc4c3C[C@@H]2C1=O,WOXKDUGGOYFFRN-IIBYNOLFSA-N,C22H19N3O4,389.4110000000001,29.0,2.0,,True,,rules-applied-pending-independent-review
LT01140,Bosentan,vMost-DILI-concern,resolved,exact-name,Bosentan,104865.0,Bosentan,C27H29N5O6S,551.6,1.0,exact-title-among-candidates,CC(C)(C)C1=CC=C(C=C1)S(=O)(=O)NC2=C(C(=NC(=N2)C3=NC=CC=N3)OCCO)OC4=CC=CC=C4OC,COc1ccccc1Oc1c(NS(=O)(=O)c2ccc(C(C)(C)C)cc2)nc(-c2ncccn2)nc1OCCO,GJPICJJJRGTNOD-UHFFFAOYSA-N,C27H29N5O6S,551.6250000000002,39.0,0.0,,True,,rules-applied-pending-independent-review
LT01156,Ibandronate sodium,vLess-DILI-concern,resolved,exact-name,Ibandronate sodium,23663991.0,Ibandronate Sodium,C9H24NNaO8P2,359.23,1.0,exact-title-among-candidates,CCCCCN(C)CCC(O)(P(=O)(O)O)P(=O)(O)[O-].O.[Na+],CCCCCN(C)CCC(O)(P(=O)(O)O)P(=O)(O)O,MPBVHIBUJCELCL-UHFFFAOYSA-N,C9H23NO7P2,319.23100000000005,19.0,0.0,SALT_OR_MULTICOMPONENT_SOURCE,True,,rules-applied-pending-independent-review
LT01167,Cefadroxil hemihydrate,vLess-DILI-concern,resolved,exact-name,Cefadroxil hemihydrate,67173987.0,Cefadroxil Hemihydrate,C32H36N6O11S2,744.8,1.0,exact-title-among-candidates,CC1=C(N2[C@@H]([C@@H](C2=O)NC(=O)[C@@H](C3=CC=C(C=C3)O)N)SC1)C(=O)O.CC1=C(N2[C@@H]([C@@H](C2=O)NC(=O)[C@@H](C3=CC=C(C=C3)O)N)SC1)C(=O)O.O,CC1=C(C(=O)O)N2C(=O)[C@@H](NC(=O)[C@H](N)c3ccc(O)cc3)[C@H]2SC1,BOEGTKLJZSQCCD-UEKVPHQBSA-N,C16H17N3O5S,363.3950000000001,25.0,2.0,SALT_OR_MULTICOMPONENT_SOURCE,True,,rules-applied-pending-independent-review
LT01190,Cetirizine hydrochloride,vLess-DILI-concern,resolved,exact-name,Cetirizine hydrochloride,55182.0,Cetirizine Hydrochloride,C21H27Cl3N2O3,461.8,1.0,exact-title-among-candidates,C1CN(CCN1CCOCC(=O)O)C(C2=CC=CC=C2)C3=CC=C(C=C3)Cl.Cl.Cl,O=C(O)COCCN1CCN(C(c2ccccc2)c2ccc(Cl)cc2)CC1,ZKLPARSLTMPFCP-UHFFFAOYSA-N,C21H25ClN2O3,388.8950000000001,27.0,0.0,SALT_OR_MULTICOMPONENT_SOURCE,True,,rules-applied-pending-independent-review
LT01196,Chloramphenicol,vNo-DILI-concern,resolved,exact-name,Chloramphenicol,5959.0,Chloramphenicol,C11H12Cl2N2O5,323.13,1.0,exact-title-among-candidates,C1=CC(=CC=C1[C@H]([C@@H](CO)NC(=O)C(Cl)Cl)O)[N+](=O)[O-],O=C(N[C@H](CO)[C@H](O)c1ccc([N+](=O)[O-])cc1)C(Cl)Cl,WIIZWVCIJKGZOK-RKDXNWHRSA-N,C11H12Cl2N2O5,323.13200000000006,20.0,1.0,,True,,rules-applied-pending-independent-review
LT01199,Atazanavir sulfate,vLess-DILI-concern,resolved,exact-name,Atazanavir sulfate,158550.0,Atazanavir Sulfate,C38H54N6O11S,802.9,1.0,exact-title-among-candidates,CC(C)(C)[C@@H](C(=O)N[C@@H](CC1=CC=CC=C1)[C@H](CN(CC2=CC=C(C=C2)C3=CC=CC=N3)NC(=O)[C@H](C(C)(C)C)NC(=O)OC)O)NC(=O)OC.OS(=O)(=O)O,COC(=O)N[C@H](C(=O)N[C@@H](Cc1ccccc1)[C@@H](O)CN(Cc1ccc(-c2ccccn2)cc1)NC(=O)[C@@H](NC(=O)OC)C(C)(C)C)C(C)(C)C,AXRYRYVKAWYZBR-GASGPIRDSA-N,C38H52N6O7,704.8690000000001,51.0,4.0,SALT_OR_MULTICOMPONENT_SOURCE,True,,rules-applied-pending-independent-review
LT01215,Alvimopan,vNo-DILI-concern,resolved,exact-name,Alvimopan,5488548.0,Alvimopan,C25H32N2O4,424.5,1.0,exact-title-among-candidates,C[C@H]1CN(CC[C@@]1(C)C2=CC(=CC=C2)O)C[C@H](CC3=CC=CC=C3)C(=O)NCC(=O)O,C[C@H]1CN(C[C@H](Cc2ccccc2)C(=O)NCC(=O)O)CC[C@@]1(C)c1cccc(O)c1,UPNUIXSCZBYVBB-JVFUWBCBSA-N,C25H32N2O4,424.54100000000017,31.0,1.0,,True,,rules-applied-pending-independent-review
LT01241,Sorafenib tosylate,vMost-DILI-concern,resolved,exact-name,Sorafenib tosylate,406563.0,Sorafenib Tosylate,C28H24ClF3N4O6S,637.0,1.0,exact-title-among-candidates,CC1=CC=C(C=C1)S(=O)(=O)O.CNC(=O)C1=NC=CC(=C1)OC2=CC=C(C=C2)NC(=O)NC3=CC(=C(C=C3)Cl)C(F)(F)F,CNC(=O)c1cc(Oc2ccc(NC(=O)Nc3ccc(Cl)c(C(F)(F)F)c3)cc2)ccn1,MLDQJTXFUGDVEO-UHFFFAOYSA-N,C21H16ClF3N4O3,464.8310000000001,32.0,3.0,SALT_OR_MULTICOMPONENT_SOURCE,True,,rules-applied-pending-independent-review
LT01308,Dobutamine hydrochloride,vNo-DILI-concern,resolved,exact-name,Dobutamine hydrochloride,65324.0,Dobutamine Hydrochloride,C18H24ClNO3,337.8,1.0,exact-title-among-candidates,CC(CCC1=CC=C(C=C1)O)NCCC2=CC(=C(C=C2)O)O.Cl,CC(CCc1ccc(O)cc1)NCCc1ccc(O)c(O)c1,JRWZLRBJNMZMFE-UHFFFAOYSA-N,C18H23NO3,301.386,22.0,0.0,SALT_OR_MULTICOMPONENT_SOURCE,True,,rules-applied-pending-independent-review
LT01314,Doxepin hydrochloride,vLess-DILI-concern,resolved,exact-name,Doxepin hydrochloride,6419921.0,Doxepin Hydrochloride,C19H22ClNO,315.8,1.0,exact-title-among-candidates,CN(C)CC/C=C/1\C2=CC=CC=C2COC3=CC=CC=C31.Cl,CN(C)CC/C=C1\c2ccccc2COc2ccccc21,ODQWQRRAPPTVAG-GZTJUZNOSA-N,C19H21NO,279.383,21.0,0.0,SALT_OR_MULTICOMPONENT_SOURCE,True,,rules-applied-pending-independent-review
LT01355,Etidronate disodium,vNo-DILI-concern,resolved,exact-name,Etidronate disodium,23894.0,Etidronate Disodium,C2H6Na2O7P2,249.99,1.0,exact-title-among-candidates,CC(O)(P(=O)(O)[O-])P(=O)(O)[O-].[Na+].[Na+],CC(O)(P(=O)(O)O)P(=O)(O)O,DBVJJBKOTRCVKF-UHFFFAOYSA-N,C2H8O7P2,206.027,11.0,0.0,SALT_OR_MULTICOMPONENT_SOURCE,True,,rules-applied-pending-independent-review
LT01398,Fosfomycin tromethamine,vLess-DILI-concern,resolved,exact-name,Fosfomycin tromethamine,10199068.0,Fosfomycin Tromethamine,C7H18NO7P,259.19,1.0,exact-title-among-candidates,C[C@H]1[C@H](O1)P(=O)(O)O.C(C(CO)(CO)N)O,NC(CO)(CO)CO,LENZDBCJOHFCAS-UHFFFAOYSA-N,C4H11NO3,121.136,8.0,0.0,SALT_OR_MULTICOMPONENT_SOURCE,True,,rules-applied-pending-independent-review
LT01399,Fosinopril sodium,vLess-DILI-concern,resolved,exact-name,Fosinopril sodium,23681451.0,Fosinopril Sodium,C30H45NNaO7P,585.6,1.0,exact-title-among-candidates,CCC(=O)OC(C(C)C)OP(=O)(CCCCC1=CC=CC=C1)CC(=O)N2C[C@@H](C[C@H]2C(=O)[O-])C3CCCCC3.[Na+],CCC(=O)OC(OP(=O)(CCCCc1ccccc1)CC(=O)N1C[C@H](C2CCCCC2)C[C@H]1C(=O)O)C(C)C,BIDNLKIUORFRQP-FKDWWROVSA-N,C30H46NO7P,563.672,39.0,1.0,SALT_OR_MULTICOMPONENT_SOURCE,True,,rules-applied-pending-independent-review
LT01433,Hydrochlorothiazide,vLess-DILI-concern,resolved,exact-name,Hydrochlorothiazide,3639.0,Hydrochlorothiazide,C7H8ClN3O4S2,297.7,1.0,exact-title-among-candidates,C1NC2=CC(=C(C=C2S(=O)(=O)N1)S(=O)(=O)N)Cl,NS(=O)(=O)c1cc2c(cc1Cl)NCNS2(=O)=O,JZUFKLXOESDKRF-UHFFFAOYSA-N,C7H8ClN3O4S2,297.745,17.0,0.0,,True,,rules-applied-pending-independent-review
LT01517,Melphalan,vLess-DILI-concern,resolved,exact-name,Melphalan,460612.0,Melphalan,C13H18Cl2N2O2,305.2,1.0,exact-title-among-candidates,C1=CC(=CC=C1C[C@@H](C(=O)O)N)N(CCCl)CCCl,N[C@@H](Cc1ccc(N(CCCl)CCCl)cc1)C(=O)O,SGDBTWWWUNNDEQ-LBPRGKRZSA-N,C13H18Cl2N2O2,305.2049999999999,19.0,0.0,,True,,rules-applied-pending-independent-review
LT01525,Meropenem,vLess-DILI-concern,resolved,exact-name,Meropenem,441130.0,Meropenem,C17H25N3O5S,383.5,1.0,exact-title-among-candidates,C[C@@H]1[C@@H]2[C@H](C(=O)N2C(=C1S[C@H]3C[C@H](NC3)C(=O)N(C)C)C(=O)O)[C@@H](C)O,C[C@@H](O)[C@H]1C(=O)N2C(C(=O)O)=C(S[C@@H]3CN[C@H](C(=O)N(C)C)C3)[C@H](C)[C@H]12,DMJNNHOOLUXYBV-PQTSNVLCSA-N,C17H25N3O5S,383.47000000000014,26.0,2.0,,True,,rules-applied-pending-independent-review
LT01589,Esomeprazole sodium,vLess-DILI-concern,resolved,exact-name,Esomeprazole sodium,23674541.0,Esomeprazole Sodium,C17H18N3NaO3S,367.4,1.0,exact-title-among-candidates,CC1=CN=C(C(=C1OC)C)C[S@](=O)C2=NC3=C([N-]2)C=CC(=C3)OC.[Na+],COc1ccc2[nH]c([S@@+]([O-])Cc3ncc(C)c(OC)c3C)nc2c1,SUBDBMMJDZJVOS-DEOSSOPVSA-N,C17H19N3O3S,345.42400000000004,24.0,0.0,SALT_OR_MULTICOMPONENT_SOURCE,True,,rules-applied-pending-independent-review
LT01672,Pimozide,vNo-DILI-concern,resolved,exact-name,Pimozide,16362.0,Pimozide,C28H29F2N3O,461.5,1.0,exact-title-among-candidates,C1CN(CCC1N2C3=CC=CC=C3NC2=O)CCCC(C4=CC=C(C=C4)F)C5=CC=C(C=C5)F,O=c1[nH]c2ccccc2n1C1CCN(CCCC(c2ccc(F)cc2)c2ccc(F)cc2)CC1,YVUQSNJEYSNKRX-UHFFFAOYSA-N,C28H29F2N3O,461.55600000000015,34.0,0.0,,True,,rules-applied-pending-independent-review
LT01708,Propofol,vLess-DILI-concern,resolved,exact-name,Propofol,4943.0,Propofol,C12H18O,178.27,1.0,exact-title-among-candidates,CC(C)C1=C(C(=CC=C1)C(C)C)O,CC(C)c1cccc(C(C)C)c1O,OLBCVFGFOZPWHH-UHFFFAOYSA-N,C12H18O,178.27499999999998,13.0,0.0,,True,,rules-applied-pending-independent-review
LT01746,Saquinavir mesylate,vLess-DILI-concern,resolved,exact-name,Saquinavir mesylate,60934.0,Saquinavir Mesylate,C39H54N6O8S,766.9,1.0,exact-title-among-candidates,CC(C)(C)NC(=O)[C@@H]1C[C@@H]2CCCC[C@@H]2CN1C[C@H]([C@H](CC3=CC=CC=C3)NC(=O)[C@H](CC(=O)N)NC(=O)C4=NC5=CC=CC=C5C=C4)O.CS(=O)(=O)O,CC(C)(C)NC(=O)[C@@H]1C[C@@H]2CCCC[C@@H]2CN1C[C@@H](O)[C@H](Cc1ccccc1)NC(=O)[C@H](CC(N)=O)NC(=O)c1ccc2ccccc2n1,QWAXKHKRTORLEM-UGJKXSETSA-N,C38H50N6O5,670.8550000000001,49.0,4.0,SALT_OR_MULTICOMPONENT_SOURCE,True,,rules-applied-pending-independent-review
LT01766,Succimer,vLess-DILI-concern,resolved,exact-name,Succimer,2724354.0,Succimer,C4H6O4S2,182.2,1.0,exact-title-among-candidates,[C@@H]([C@@H](C(=O)O)S)(C(=O)O)S,O=C(O)[C@@H](S)[C@@H](S)C(=O)O,ACTRVOBWPAIOHC-XIXRPRMCSA-N,C4H6O4S2,182.222,10.0,0.0,,True,,rules-applied-pending-independent-review
LT01830,Trazodone hydrochloride,vLess-DILI-concern,resolved,exact-name,Trazodone hydrochloride,62935.0,Trazodone Hydrochloride,C19H23Cl2N5O,408.3,1.0,exact-title-among-candidates,C1CN(CCN1CCCN2C(=O)N3C=CC=CC3=N2)C4=CC(=CC=C4)Cl.Cl,O=c1n(CCCN2CCN(c3cccc(Cl)c3)CC2)nc2ccccn12,PHLBKPHSAVXXEF-UHFFFAOYSA-N,C19H22ClN5O,371.87200000000007,26.0,0.0,SALT_OR_MULTICOMPONENT_SOURCE,True,,rules-applied-pending-independent-review
LT01853,Aceclofenac,vLess-DILI-concern,resolved,exact-name,Aceclofenac,71771.0,Aceclofenac,C16H13Cl2NO4,354.2,1.0,exact-title-among-candidates,C1=CC=C(C(=C1)CC(=O)OCC(=O)O)NC2=C(C=CC=C2Cl)Cl,O=C(O)COC(=O)Cc1ccccc1Nc1c(Cl)cccc1Cl,MNIPYSSQXLZQLJ-UHFFFAOYSA-N,C16H13Cl2NO4,354.189,23.0,0.0,,True,,rules-applied-pending-independent-review
LT01862,Vincristine sulfate,vLess-DILI-concern,resolved,exact-name,Vincristine sulfate,249332.0,Vincristine Sulfate,C46H58N4O14S,923.0,1.0,exact-title-among-candidates,CC[C@@]1(C[C@@H]2C[C@@](C3=C(CCN(C2)C1)C4=CC=CC=C4N3)(C5=C(C=C6C(=C5)[C@]78CCN9[C@H]7[C@@](C=CC9)([C@H]([C@@]([C@@H]8N6C=O)(C(=O)OC)O)OC(=O)C)CC)OC)C(=O)OC)O.OS(=O)(=O)O,CC[C@]1(O)C[C@H]2CN(CCc3c([nH]c4ccccc34)[C@@](C(=O)OC)(c3cc4c(cc3OC)N(C=O)[C@H]3[C@@](O)(C(=O)OC)[C@H](OC(C)=O)[C@]5(CC)C=CCN6CC[C@]43[C@@H]65)C2)C1,OGWKCGZFUXNPDA-XQKSVPLYSA-N,C46H56N4O10,824.9720000000002,60.0,1.0,SALT_OR_MULTICOMPONENT_SOURCE,True,,rules-applied-pending-independent-review
LT02342,Fingolimod hydrochloride,vMost-DILI-concern,resolved,exact-name,Fingolimod hydrochloride,107969.0,Fingolimod Hydrochloride,C19H34ClNO2,343.9,1.0,exact-title-among-candidates,CCCCCCCCC1=CC=C(C=C1)CCC(CO)(CO)N.Cl,CCCCCCCCc1ccc(CCC(N)(CO)CO)cc1,KKGQTZUTZRNORY-UHFFFAOYSA-N,C19H33NO2,307.47800000000007,22.0,0.0,SALT_OR_MULTICOMPONENT_SOURCE,True,,rules-applied-pending-independent-review
LT02390,Rivaroxaban,vLess-DILI-concern,resolved,exact-name,Rivaroxaban,9875401.0,Rivaroxaban,C19H18ClN3O5S,435.9,1.0,exact-title-among-candidates,C1COCC(=O)N1C2=CC=C(C=C2)N3C[C@@H](OC3=O)CNC(=O)C4=CC=C(S4)Cl,O=C(NC[C@H]1CN(c2ccc(N3CCOCC3=O)cc2)C(=O)O1)c1ccc(Cl)s1,KGFYHTZWPPHNLQ-AWEZNQCLSA-N,C19H18ClN3O5S,435.8890000000001,29.0,3.0,,True,,rules-applied-pending-independent-review
LT02442,Levomefolate calcium,vNo-DILI-concern,resolved,exact-name,Levomefolate calcium,135564391.0,Levomefolate Calcium,C20H23CaN7O6,497.5,1.0,exact-title-among-candidates,CN1[C@H](CNC2=C1C(=O)NC(=N2)N)CNC3=CC=C(C=C3)C(=O)N[C@@H](CCC(=O)[O-])C(=O)[O-].[Ca+2],CN1c2c(nc(N)[nH]c2=O)NC[C@@H]1CNc1ccc(C(=O)N[C@@H](CCC(=O)O)C(=O)O)cc1,ZNOVTXRBGFNYRX-STQMWFEESA-N,C20H25N7O6,459.46300000000025,33.0,1.0,SALT_OR_MULTICOMPONENT_SOURCE,True,,rules-applied-pending-independent-review
LT02877,Dimethyl fumarate,vMost-DILI-concern,resolved,exact-name,Dimethyl fumarate,637568.0,Dimethyl Fumarate,C6H8O4,144.12,1.0,exact-title-among-candidates,COC(=O)/C=C/C(=O)OC,COC(=O)/C=C/C(=O)OC,LDCRTTXIJACKKU-ONEGZZNKSA-N,C6H8O4,144.12599999999998,10.0,0.0,,True,,rules-applied-pending-independent-review
LT02898,Ibrutinib,vMost-DILI-concern,resolved,exact-name,Ibrutinib,24821094.0,Ibrutinib,C25H24N6O2,440.5,1.0,exact-title-among-candidates,C=CC(=O)N1CCC[C@H](C1)N2C3=NC=NC(=C3C(=N2)C4=CC=C(C=C4)OC5=CC=CC=C5)N,C=CC(=O)N1CCC[C@@H](n2nc(-c3ccc(Oc4ccccc4)cc3)c3c(N)ncnc32)C1,XYFPWWZEPKGCCK-GOSISDBHSA-N,C25H24N6O2,440.5070000000002,33.0,1.0,,True,,rules-applied-pending-independent-review
LT02899,Canagliflozin,vLess-DILI-concern,resolved,exact-name,Canagliflozin,24812758.0,Canagliflozin,C24H25FO5S,444.5,1.0,exact-title-among-candidates,CC1=C(C=C(C=C1)[C@H]2[C@@H]([C@H]([C@@H]([C@H](O2)CO)O)O)O)CC3=CC=C(S3)C4=CC=C(C=C4)F,Cc1ccc([C@@H]2O[C@H](CO)[C@@H](O)[C@H](O)[C@H]2O)cc1Cc1ccc(-c2ccc(F)cc2)s1,XTNGUQKDFGDXSJ-ZXGKGEBGSA-N,C24H25FO5S,444.52400000000017,31.0,0.0,,True,,rules-applied-pending-independent-review
LT02901,Sofosbuvir,vNo-DILI-concern,resolved,exact-name,Sofosbuvir,45375808.0,Sofosbuvir,C22H29FN3O9P,529.5,1.0,exact-title-among-candidates,C[C@@H](C(=O)OC(C)C)N[P@](=O)(OC[C@@H]1[C@H]([C@@]([C@@H](O1)N2C=CC(=O)NC2=O)(C)F)O)OC3=CC=CC=C3,CC(C)OC(=O)[C@H](C)N[P@](=O)(OC[C@H]1O[C@@H](n2ccc(=O)[nH]c2=O)[C@](C)(F)[C@@H]1O)Oc1ccccc1,TTZHDVOVKQGIBA-IQWMDFIBSA-N,C22H29FN3O9P,529.4580000000002,36.0,0.0,,True,,rules-applied-pending-independent-review
LT02903,Trametinib dimethyl sulfoxide,vLess-DILI-concern,resolved,exact-name,Trametinib dimethyl sulfoxide,50992434.0,Trametinib Dimethyl Sulfoxide,C28H29FIN5O5S,693.5,1.0,exact-title-among-candidates,CC1=C2C(=C(N(C1=O)C)NC3=C(C=C(C=C3)I)F)C(=O)N(C(=O)N2C4=CC=CC(=C4)NC(=O)C)C5CC5.CS(=O)C,CC(=O)Nc1cccc(-n2c(=O)n(C3CC3)c(=O)c3c(Nc4ccc(I)cc4F)n(C)c(=O)c(C)c32)c1,LIRYPHYGHXZJBZ-UHFFFAOYSA-N,C26H23FIN5O4,615.403,37.0,1.0,SALT_OR_MULTICOMPONENT_SOURCE,True,,rules-applied-pending-independent-review
LT03594,Palbociclib,vLess-DILI-concern,resolved,exact-name,Palbociclib,5330286.0,Palbociclib,C24H29N7O2,447.5,1.0,exact-title-among-candidates,CC1=C(C(=O)N(C2=NC(=NC=C12)NC3=NC=C(C=C3)N4CCNCC4)C5CCCC5)C(=O)C,CC(=O)c1c(C)c2cnc(Nc3ccc(N4CCNCC4)cn3)nc2n(C2CCCC2)c1=O,AHJRHEGDXFFMBM-UHFFFAOYSA-N,C24H29N7O2,447.5430000000004,33.0,0.0,,True,,rules-applied-pending-independent-review
LT03737,Pitolisant hydrochloride,vNo-DILI-concern,resolved,exact-name,Pitolisant hydrochloride,11551689.0,Pitolisant Hydrochloride,C17H27Cl2NO,332.3,1.0,exact-title-among-candidates,C1CCN(CC1)CCCOCCCC2=CC=C(C=C2)Cl.Cl,Clc1ccc(CCCOCCCN2CCCCC2)cc1,NNACHAUCXXVJSP-UHFFFAOYSA-N,C17H26ClNO,295.8539999999999,20.0,0.0,SALT_OR_MULTICOMPONENT_SOURCE,True,,rules-applied-pending-independent-review
LT03744,Remimazolam besylate,vNo-DILI-concern,resolved,exact-name,Remimazolam besylate,23658607.0,Remimazolam Besylate,C27H25BrN4O5S,597.5,1.0,exact-title-among-candidates,CC1=CN=C2N1C3=C(C=C(C=C3)Br)C(=N[C@H]2CCC(=O)OC)C4=CC=CC=N4.C1=CC=C(C=C1)S(=O)(=O)O,COC(=O)CC[C@@H]1N=C(c2ccccn2)c2cc(Br)ccc2-n2c(C)cnc21,CYHWMBVXXDIZNZ-KRWDZBQOSA-N,C21H19BrN4O2,439.3130000000002,28.0,0.0,SALT_OR_MULTICOMPONENT_SOURCE,True,,rules-applied-pending-independent-review
LT03905,Flortaucipir f-18,vNo-DILI-concern,resolved,exact-name,Flortaucipir f-18,70957463.0,Flortaucipir F-18,C16H10FN3,262.27,1.0,exact-title-among-candidates,C1=CC2=C(C=C1C3=CN=C(C=C3)[18F])NC4=C2C=NC=C4,[18F]c1ccc(-c2ccc3c(c2)[nH]c2ccncc23)cn1,GETAAWDSFUCLBS-SJPDSGJFSA-N,C16H10FN3,262.277938,20.0,0.0,,True,,rules-applied-pending-independent-review
LT03915,Piflufolastat f-18,vNo-DILI-concern,resolved,exact-name,Piflufolastat f-18,52950901.0,Piflufolastat F-18,C18H23FN4O8,441.4,1.0,exact-title-among-candidates,C1=CC(=NC=C1C(=O)NCCCC[C@@H](C(=O)O)NC(=O)N[C@@H](CCC(=O)O)C(=O)O)[18F],O=C(O)CC[C@H](NC(=O)N[C@@H](CCCCNC(=O)c1ccc([18F])nc1)C(=O)O)C(=O)O,OLWVRJUNLXQDSP-MVBOSPHXSA-N,C18H23FN4O8,441.4029380000002,31.0,3.0,,True,,rules-applied-pending-independent-review
